"Categoria","Index","Title","Imagenes","Estado","Faltan"
"fuentes","1","AUREOX | 650W BRONZE 80+PSU","0","FALTAN","3"
"fuentes","2","FUENTE 600W RAIDMAX VORTEX 80 PLUS BRONZE GAMER","0","FALTAN","3"
"fuentes","3","FUENTE 600W RAIDMAX VORTEX 80 PLUS WHITE GAMER","0","FALTAN","3"
"fuentes","4","FUENTE 700W RAIDMAX VORTEX 80 PLUS BRONZE GAMER","0","FALTAN","3"
"fuentes","5","FUENTE 800W RAIDMAX VORTEX 80 PLUS WHITE GAMER","0","FALTAN","3"
"fuentes","6","Fuente ASUS ROG THOR 1000W PLATINUM III GAMING","0","FALTAN","3"
"fuentes","7","FUENTE ASUS TUF GAMING 1000W WHITE EDITION ATX 3.1 PCIE 5 80 PLUS GOLD","0","FALTAN","3"
"fuentes","8","Fuente ASUS TUF GAMING 750W GOLD","0","FALTAN","3"
"fuentes","9","FUENTE AUREOX 500W ARXE-500","0","FALTAN","3"
"fuentes","10","FUENTE COOLER MASTER ELITE GOLD 1000W FM (Full Modular)","0","FALTAN","3"
"fuentes","11","Fuente Cooler Master Elite Gold 1200W 80 Plus Full Modular A/AR Cord","0","FALTAN","3"
"fuentes","12","FUENTE COOLER MASTER ELITE GOLD 1200W FM (Full Modular)","0","FALTAN","3"
"fuentes","13","Fuente Cooler Master GX3 Gold 750W 80 Plus Full Modular ATX 3.0 A/AR Cord","0","FALTAN","3"
"fuentes","14","FUENTE COOLER MASTER X SILENT EDGE PLATINUM 850W (Full Modular)","0","FALTAN","3"
"fuentes","15","Fuente CROMAX KC-DAA-600 600W ATX 24 Pines","0","FALTAN","3"
"fuentes","16","Fuente de alimentacion Zebra CA 100-240 V para Zebra Connect Cradle","0","FALTAN","3"
"fuentes","17","FUENTE GAMER 550W RAIDMAX XTB","0","FALTAN","3"
"fuentes","18","FUENTE GAMER 650W RAIDMAX XTB","0","FALTAN","3"
"fuentes","19","FUENTE GAMER AUREOX 550W BRONZE 80+PSU","0","FALTAN","3"
"fuentes","20","FUENTE GAMER AUREOX 650W BRONZE 80+PSU","0","FALTAN","3"
"fuentes","21","FUENTE GAMER GIGABYTE 650W 80 PLUS GOLD","0","FALTAN","3"
"fuentes","22","FUENTE GAMER GIGABYTE 650W 80 PLUS SILVER ATX 3.0","0","FALTAN","3"
"fuentes","23","FUENTE GAMER GIGABYTE 650W ICE 80 PLUS SILVER ATX 3.0 WHITE","0","FALTAN","3"
"fuentes","24","FUENTE GAMER GIGABYTE 750W PG5 80 PLUS MODULAR GOLD","0","FALTAN","3"
"fuentes","25","FUENTE GAMER THERMALTAKE SMART BX3 650W 80 PLUS BRONZE","0","FALTAN","3"
"fuentes","26","FUENTE GAMER THERMALTAKE SMART BX3 750W 80 PLUS BRONZE","0","FALTAN","3"
"fuentes","27","FUENTE GAMER THERMALTAKE TP GF A3 1050W ANALOG 80 PLUS GOLD FULL MODULAR","0","FALTAN","3"
"fuentes","28","FUENTE GAMER THERMALTAKE TP GF A3 1200W ANALOG 80 PLUS GOLD FULL MODULAR","0","FALTAN","3"
"fuentes","29","FUENTE GAMER THERMALTAKE TP GT 750W ANALOG 80 PLUS GOLD","0","FALTAN","3"
"fuentes","30","FUENTE GAMER THERMALTAKE TP GT 750W ANALOG 80 PLUS GOLD WHITE","0","FALTAN","3"
"fuentes","31","FUENTE GAMER THERMALTAKE TR2 500W","0","FALTAN","3"
"fuentes","32","Fuente GIGABYTE UD850GM 80 Gold Modular PG5","0","FALTAN","3"
"fuentes","33","Fuente GIGABYTE UD850GM PG5 V2 80 Plus Gold Modula","0","FALTAN","3"
"fuentes","34","FUENTE SFX 500W 20+4 SATA","0","FALTAN","3"
"fuentes","35","Fuente Teros TE-1320G 850W 80 Plus Platinum ATX Full Modular","0","FALTAN","3"
"fuentes","36","Fuente Teros TE-1320S 850W 80 Plus Platinum ATX Full Modular","0","FALTAN","3"
"fuentes","37","Fuente Teros TE-1328G 1000w 80 Plus Gold ATX 3.1 Full Modular Ficha USA","0","FALTAN","3"
"fuentes","38","Fuente Teros TE-1330S 250W ATX 24 Pines","0","FALTAN","3"
"fuentes","39","Fuente Teros TE-7175N 750w 80 Plus Gold ATX Full Modular","0","FALTAN","3"
"fuentes","40","Fuente Teros TE-7175W 750W 80 Plus Gold ATX Full Modular","0","FALTAN","3"
"fuentes","41","FUENTE THERMALTAKE SMART 700W 80 PLUS WHITE","0","FALTAN","3"
"fuentes","42","Fuente XPG KYBER 750W 80 Plus Gold ATX 3.1 PCIe 5.0 12VHPWR","0","FALTAN","3"
"fuentes","43","Fuente XPG PYLON II 650W 80 Plus Bronze ATX 3.1","0","FALTAN","3"
"fuentes","44","Fuente XPG PYLON II 750W 80 Plus Bronze ATX 3.1","0","FALTAN","3"
"fuentes","45","Gigabyte | GP-P1000GM 1000W 80 Plus Gold Full Modular (OUTLET)","0","FALTAN","3"
"fuentes","46","Gigabyte | GP-P450B 450W 80 Plus Bronze","0","FALTAN","3"
"fuentes","47","MSI MAG A850GL PCI-E GEN 5.1 850W MODULAR 80 PLUS GOLD","0","FALTAN","3"
"fuentes","48","RAIDMAX Vortex RX-600ACV 600W 80 Plus White","0","FALTAN","3"
"coolers","1","Cooler Master Air Cooler Cooler Master Hyper 212 Spectrum V3 ARGB 120mm","1","FALTAN","2"
"coolers","2","COOLER CPU COOLER MASTER V4 ALPHA 3DHP BLACK","1","FALTAN","2"
"coolers","3","MSI MSI AIO WATERCOOLER MAG CORELIQUID C240","2","FALTAN","1"
"coolers","4","WATER COOLER THERMALTAKE LA360 ARGB SYNC ALL IN ONE BLACK","2","FALTAN","1"
"coolers","5","CPU COOLER PEERLESS ASSASIN 120 SE ARGB (OUTLET)","1","FALTAN","2"
"coolers","7","CPU COOLER THERMALTAKE ASTRIA 400 AIR 6 PIPE SYNC","1","FALTAN","2"
"coolers","8","EVOLABS AIO WATERCOOLER CRYOGENE 120","1","FALTAN","2"
"coolers","9","EVOLABS AIO WATERCOOLER CRYOGENE SUPREME 240","1","FALTAN","2"
"coolers","10","EVOLABS CPU COOLER CRYO PRO 4H","1","FALTAN","2"
"coolers","11","EVOLABS AIO WATERCOOLER CRYOGENE SUPREME 360","1","FALTAN","2"
"coolers","12","WATER COOLER CPU RAIDMAX INFINITA LS240 ARGB WHITE","1","FALTAN","2"
"coolers","15","WATER COOLER CPU RAIDMAX INFINITA LS240 ARGB BLACK","1","FALTAN","2"
"coolers","16","AHORRÃS","1","FALTAN","2"
"coolers","17","Water Cooler ASUS TUF GAMING LC III 360 ARGB","1","FALTAN","2"
"coolers","18","WATER COOLER ASUS ROG RYUJIN III 360 ARGB EXTREME","1","FALTAN","2"
"coolers","19","WATER COOLER ASUS ROG RYUJIN III 360 ARGB EXTREME WHITE","1","FALTAN","2"
"coolers","20","WATER COOLER ASUS ROG STRIX LC III 360 ARGB","1","FALTAN","2"
"coolers","21","WATER COOLER ASUS ROG STRIX LC III 360 ARGB WHITE","1","FALTAN","2"
"coolers","22","WATER COOLER ASUS ROG RYUO IV 360 ARGB MIKU EDITION","1","FALTAN","2"
"coolers","23","Water Cooler ASUS ROG RYUJIN III 360 ARGB EXTREME","1","FALTAN","2"
"coolers","24","COOLER NZXT AIRFLOW SERIES FZ-200 BLUE","1","FALTAN","2"
"coolers","26","COOLER FAN 120mm ARGB PMW RAIDMAX X-AIR WHITE","1","FALTAN","2"
"coolers","27","COOLER FAN 120mm ARGB PMW RAIDMAX X-AIR BLACK","1","FALTAN","2"
"coolers","28","COOLER FAN 120mm ARGB PMW RAIDMAX INFINITA-AIR WHITE","1","FALTAN","2"
"coolers","29","COOLER FAN 120mm ARGB PMW RAIDMAX INFINITA-AIR BLACK","1","FALTAN","2"
"coolers","30","Water Cooler CM Masterliquid 360 Atmos II VRM Fan ARGB","1","FALTAN","2"
"coolers","31","Water Cooler CM Masterliquid 360 Atmos II White","1","FALTAN","2"
"coolers","32","Water Cooler CM Masterliquid 360 Atmos II ARGB","1","FALTAN","2"
"coolers","33","Water Cooler CM Masterliquid 360 Atmos II Pixel LED","1","FALTAN","2"
"coolers","34","WATER COOLER MASTER MASTERLIQUID 360 ATMOS II LCD ARGB","1","FALTAN","2"
"coolers","35","Water Cooler CM Masterliquid 240 Atmos II VRM Fan ARGB","1","FALTAN","2"
"coolers","36","Water Cooler Cooler Master Masterliquid 240 Atmos II ARGB","1","FALTAN","2"
"coolers","37","Water Cooler CM Masterliquid 240 Atmos II Pixel LED","1","FALTAN","2"
"coolers","38","WATER COOLER MASTER MASTERLIQUID 240 ATMOS II LCD ARGB","1","FALTAN","2"
"coolers","39","WATER COOLER MASTER MASTERLIQUID 240 CORE NEX ARGB BLANCO","1","FALTAN","2"
"coolers","40","WATER COOLER MASTER MASTERLIQUID 240 CORE NEX ARGB","1","FALTAN","2"
"coolers","41","Water Cooler CM MasterLiquid 360 Core II White Edition","1","FALTAN","2"
"coolers","42","Water Cooler CM Masterlliquid 360 Core II ARGB Black","1","FALTAN","2"
"coolers","43","Water Cooler CM MasterLiquid 240 Core II White Edition","1","FALTAN","2"
"coolers","48","Fan Cooler Cooler Master Mobius 120P ARGB White Ed","1","FALTAN","2"
"coolers","50","Fan Cooler Master SickleFlow Edge 120 ARGB Black","1","FALTAN","2"
"coolers","51","Fan Cooler Master MF120 Lite ARGB White","1","FALTAN","2"
"coolers","52","Fan Cooler CM MF120 Lite ARGB White 3-Pack 120mm","1","FALTAN","2"
"coolers","55","COOLER CPU COOLER MASTER HYPER 212 3DHP BLACK ARGB","1","FALTAN","2"
"coolers","56","WATER COOLER CPU RAIDMAX LM360 RGB LCD DISPLAY BLACK","1","FALTAN","2"
"coolers","57","INTEL COOLER CPU ORIGINAL COBRE LGA1200","1","FALTAN","2"
"coolers","59","Liquid Cooler GIGABYTE GAMING 240","1","FALTAN","2"
"coolers","60","WATER COOLER GIGABYTE GAMING 240I (WHITE)","1","FALTAN","2"
"coolers","63","WATER COOLER THERMALTAKE LA360-S ARGB SYNC ALL IN ONE BLACK","1","FALTAN","2"
"coolers","64","WATER COOLER THERMALTAKE TH240 V2 ULTRA EX ARGB SYNC WATER BLOCK SNOW EDITION","1","FALTAN","2"
"coolers","65","WATER COOLER THERMALTAKE TH360 V2 ULTRA EX ARGB SYNC WATER BLOCK BLACK","1","FALTAN","2"
"coolers","66","WATER COOLER THERMALTAKE TH240 V2 ULTRA EX ARGB SYNC WATER BLACK","1","FALTAN","2"
"coolers","67","WATER COOLER ASROCK CHALLENGER 360 DIGITAL WHITE","1","FALTAN","2"
"coolers","68","WATER COOLER ASROCK CHALLENGER 360 DIGITAL","1","FALTAN","2"
"coolers","69","WATER COOLER GIGABYTE AORUS WATERFORCE X II 240","1","FALTAN","2"
"coolers","70","WATER COOLING FORMULA V LINE CRYO WING DIGI 240 WHITE","1","FALTAN","2"
"coolers","71","WATER COOLING FORMULA V LINE CRYO WING DIGI 360 WHITE","1","FALTAN","2"
"coolers","72","TRIPLE FAN FORMULA V LINE AIR FUSION 3 BLACK REVERSE ARGB 360MM","1","FALTAN","2"
"coolers","73","TRIPLE FAN FORMULA V LINE AIR FUSION 3 WHITE REVERSE ARGB 360MM","1","FALTAN","2"
"coolers","74","TRIPLE FAN FORMULA V LINE AIR FUSION 3 BLACK ARGB 360MM","1","FALTAN","2"
"coolers","75","TRIPLE FAN FORMULA V LINE AIR FUSION 3 WHITE ARGB 360MM","1","FALTAN","2"
"coolers","76","WATER COOLING ASUS PRIME LC 240 ARGB (90RC0111-B0EAY0)","1","FALTAN","2"
"coolers","77","WATER COOLING COOLER MASTER MASTERLIQUID 240 CORE II ARGB (MLW-D24M-A18PA-R1)","1","FALTAN","2"
"coolers","78","FAN COOLER MASTER MF 120 LITE ARGB 3-PACK 120MM (MFW-B2DN-173PA-R1)","1","FALTAN","2"
"coolers","79","PACK DE 3 FANS FORMULA V LINE AIR BRIDGE BLACK ARGB","1","FALTAN","2"
"coolers","80","PACK DE 3 FANS FORMULA V AIR BRIDGE WHITE ARGB","1","FALTAN","2"
"coolers","82","FAN COOLER MASTER MOBIUS 140MM ARGB (MFZ-M4DN-19NP2-R1)","1","FALTAN","2"
"coolers","83","FAN COOLER MASTER MOBIUS 120P MM (MFZ-M2DN-24NP2-R1)","0","FALTAN","3"
"coolers","84","FAN COOLER MASTER HALO 120MM (MFL-B2DN-18NPA-R1)","1","FALTAN","2"
"coolers","85","FAN COOLER MASTER SICKLEFLOW 120MM ARGB WHITE EDITION (MFX-B2DW-18NPA-R1)","0","FALTAN","3"
"coolers","86","COOLER SHARKOON SILENTSTORM 120 PWM RGB FAN 120MM","0","FALTAN","3"
"coolers","88","Kit ventilador Lenovo para SR650 V2","1","FALTAN","2"
"coolers","91","CPU Cooler MSI MAG COREFROZR AA13 White (5750)","1","FALTAN","2"
"coolers","92","CPU Cooler MSI MAG COREFROZR AA13 Black (5743)","1","FALTAN","2"
"coolers","93","Water Cooling Raptor Aqua Pro 360 Display 3x CPU Cooler 360mm Negro (7688)","1","FALTAN","2"
"coolers","94","Water Cooling Raptor Aqua Core 360 3x CPU Cooler 360mm Negro (7701)","1","FALTAN","2"
"coolers","95","Water Cooling Raptor Aqua Core 240 2x CPU Cooler 240mm Negro (7718)","1","FALTAN","2"
"coolers","96","Water Cooling Corsair iCUE LINK TITAN 240 RX LCD 2x CPU Cooler 240mm Black (2949)","1","FALTAN","2"
"coolers","97","SWAFAN TT EX14 Premium Edition Fan ARGB x3 White (9388)","1","FALTAN","2"
"coolers","98","SWAFAN TT EX12 Premium Edition Fan ARGB x3 White (9371)","1","FALTAN","2"
"coolers","99","Water Cooling MSI MAG CORELIQUID I240 2x CPU Cooler 240mm Black (3187)","1","FALTAN","2"
"coolers","100","Water Cooling Corsair iCUE LINK TITAN 360 RX RGB 3x CPU Cooler 360mm White (5463)","1","FALTAN","2"
"coolers","101","Water Cooling Corsair iCUE LINK TITAN 240 RX RGB 2x CPU Cooler 240mm Black (5418)","1","FALTAN","2"
"coolers","102","Water Cooling Corsair iCUE LINK TITAN 360 RX RGB 3x CPU Cooler 360mm Black (5432)","1","FALTAN","2"
"coolers","103","Water Cooling Corsair iCUE LINK TITAN 240 RX RGB 2x CPU Cooler 240mm White (5456)","1","FALTAN","2"
"coolers","104","Water Cooling TT LA360-S ARGB Sync AIO ARG 360mm Black (0287)","1","FALTAN","2"
"coolers","105","Water Cooling TT LA240-S ARGB Sync AIO ARG 240mm Black (0270)","1","FALTAN","2"
"coolers","106","Water Cooling MSI MAG CORELIQUID I240 2x CPU Cooler 240mm White (3194)","1","FALTAN","2"
"coolers","107","Fan Cooler Raptor Frost Slim Ring120mm PWM+ARGB Black","1","FALTAN","2"
"coolers","108","Water Cooling Thermaltake TH360 V2 Ultra Ex ARGB Sync AIO 360mm Black Water Block 2.1inch LCD (1372)","0","FALTAN","3"
"coolers","109","Water Cooling Thermaltake TH280 V2 Ultra Ex ARGB Sync AIO 280mm Black Water Block 2.1inch LCD (1389)","0","FALTAN","3"
"coolers","110","Water Cooling Thermaltake TH240 V2 Ultra Ex ARGB Sync AIO 240mm Black Water Block 2.1inch LCD (1365)","0","FALTAN","3"
"coolers","111","Water Cooling Corsair NAUTILUS 3x CPU Cooler 360mm RS ARGB White (7597)","1","FALTAN","2"
"coolers","112","Water Cooling Corsair NAUTILUS 2x CPU Cooler 240mm RS ARGB White (7580)","1","FALTAN","2"
"coolers","113","Water Cooling Corsair NAUTILUS 2x CPU Cooler 240mm RS ARGB Black (7566)","1","FALTAN","2"
"coolers","114","FAN Cooler TT CT120 EX ARGB (3 Fan Pack) Matcha Green (4656)","1","FALTAN","2"
"coolers","115","FAN Cooler TT CT120 EX ARGB (3 Fan Pack) Hydrangea Blue (4632)","1","FALTAN","2"
"coolers","116","FAN Cooler TT CT140 EX ARGB (3 Fan Pack) White (4625)","1","FALTAN","2"
"coolers","117","FAN Cooler TT CT120 EX ARGB (3 Fan Pack) White (4618)","1","FALTAN","2"
"coolers","118","CPU Cooler TT ASTRIA 400 ARGB Lighting Intel & AMD (0948)","1","FALTAN","2"
"coolers","119","Water Cooling Thermaltake TH360 V2 ARGB Sync AIO 360mm Snow White (9241)","1","FALTAN","2"
"coolers","120","Water Cooling Thermaltake TH240 V2 ARGB Sync AIO 240mm Snow White (9234)","1","FALTAN","2"
"coolers","121","Water Cooling Thermaltake TH120 V2 ARGB Sync AIO 120mm Snow White (9227)","1","FALTAN","2"
"coolers","122","Water Cooling Thermaltake TH420 V2 ARGB Sync AIO 420mm Black (7926)","1","FALTAN","2"
"coolers","123","Water Cooling Thermaltake TH360 V2 ARGB Sync AIO 360mm Black (7902)","1","FALTAN","2"
"coolers","124","Water Cooling Thermaltake TH240 V2 ARGB Sync AIO 240mm Black (7896)","1","FALTAN","2"
"coolers","125","Water Cooling Thermaltake TH120 V2 ARGB Sync AIO 120mm Black (7889)","1","FALTAN","2"
"coolers","126","Water Cooling MSI MAG CORELIQUID E360 3x CPU Cooler 360mm Black (5735)","1","FALTAN","2"
"coolers","127","Water Cooling MSI MAG CORELIQUID E240 2x CPU Cooler 240mm Black (5728)","1","FALTAN","2"
"coolers","128","Water Cooling MSI MAG CORELIQUID E240 2x CPU Cooler 240mm White (4140)","1","FALTAN","2"
"coolers","129","CPU COOLER THERMALTAKE ASTRIA 400 AIR 6 PIPE SYNC WHITE","1","FALTAN","2"
"coolers","130","WATER COOLER CPU RAIDMAX LM240 RGB LCD DISPLAY BLACK","1","FALTAN","2"
"coolers","131","COOLER CPU RAIDMAX AC902K PWM ARGB","1","FALTAN","2"
"monitores","1","Monitor Teros TE-2415S Gaming 23.8â€ Plano IPS FHD (1920 x 1080) 120Hz 1ms Ficha USA","0","FALTAN","3"
"monitores","2","MONITOR 27 GAMER ZOWIE XL2746K LED TN FHD 240hz c/escudo TecnologÃ­a DyAc? Black eQualizer","0","FALTAN","3"
"monitores","3","MONITOR 24 ASUS VA24EHF FHD IPS 100Hz 1ms","0","FALTAN","3"
"monitores","4","Monitor ASUS TUF Gaming VG279Q3A-J 27"" IPS Full HD (1920x1080) 180Hz 1ms","0","FALTAN","3"
"monitores","5","Monitor GIGABYTE 25"" Edge FHD GS25F2 - 200hz 1ms","0","FALTAN","3"
"monitores","6","MONITOR SAMSUNG LED 22 D300","0","FALTAN","3"
"monitores","7","Monitor AOC 20E1H 19,5"" TN HD 60Hz 5ms Ficha USA","0","FALTAN","3"
"monitores","8","Monitor AOC CQ32G4VE 31,5"" VA QHD 180Hz 1ms Curved Gaming Ficha USA","0","FALTAN","3"
"monitores","9","Monitor AOC C32G3E 31,5"" VA FHD 165Hz 4ms Curved Gaming Ficha USA","0","FALTAN","3"
"monitores","10","Monitor AOC C24G2 23,6"" VA FHD 165Hz 1ms Curved Gaming Ficha USA","0","FALTAN","3"
"monitores","11","Monitor AOC 22B2HM2 21,5"" VA FHD 100Hz 4ms Ficha USA","0","FALTAN","3"
"monitores","12","Monitor AOC 24B30H2 23,8"" IPS FHD 100Hz 4ms Ficha USA","0","FALTAN","3"
"monitores","13","MONITOR SOLARMAX 23.8 100 HZ FRAMELESS CURVO SLIM FHD HDMI VGA","0","FALTAN","3"
"monitores","14","Monitor Gaming ViewSonic VX2429 24"" 200Hz FHD","0","FALTAN","3"
"monitores","15","Monitor Teros TE-2786G Gaming 27"" Plano IPS FHD (1920 x 1080) 200Hz 1ms Ficha USA","0","FALTAN","3"
"monitores","16","Monitor Teros TE-2766G Gaming 27"" Curvo VA FHD (1920X1080) 180Hz 1ms","0","FALTAN","3"
"monitores","17","Monitor Teros TE-2764G Gaming 27"" Curvo VA FHD (1920 x 1080) 240Hz 1ms","0","FALTAN","3"
"monitores","18","Monitor Teros TE-2754G Gaming 27"" Plano IPS QHD (2560x1440) 200Hz 1ms","0","FALTAN","3"
"monitores","19","Monitor Teros TE-2714S Gaming 27"" Plano IPS FHD (1920 x 1080) 144Hz 1ms Ficha USA","0","FALTAN","3"
"monitores","20","Monitor Teros TE-2475G Gaming 24.5"" Plano VA FHD (1920X1080) 180Hz 1ms Ficha USA","0","FALTAN","3"
"monitores","21","Monitor Teros TE-2417S Gaming 23,8"" Plano IPS FHD (1920X1080) 144Hz 1ms Ficha USA","0","FALTAN","3"
"monitores","22","Monitor Teros TE-2128S 21.5"" Plano IPS FHD (1920 x 1080) 100Hz 1ms Ficha USA","0","FALTAN","3"
"monitores","23","Monitor Teros TE-1916S 19.5 Plano TN HD (1600x900) 75Hz 1ms Ficha USA","0","FALTAN","3"
"monitores","24","Monitor Portatil Teros TE-1501S 15.6"" Plano IPS FHD (1920 x 1080) 60Hz USB","0","FALTAN","3"
"monitores","25","MONITOR DELL LED 22 P2222H HDMI DP VGA USB","0","FALTAN","3"
"monitores","26","MONITOR NOBLEX 27 FHD ANTIGLARE NXSM2700","0","FALTAN","3"
"monitores","27","MONITOR NOBLEX 22 FHD VA ANTIRREFLEJO ADAPTATIVE SM2200","0","FALTAN","3"
"monitores","28","MONITOR SAMSUNG LED 27 D300","0","FALTAN","3"
"monitores","29","MONITOR SAMSUNG LED 24 DG300 G3 GAMER PLANO","0","FALTAN","3"
"monitores","30","MONITOR SAMSUNG 24 D300 FULL HD 100MHZ","0","FALTAN","3"
"monitores","31","MONITOR HP S3 PRO 22 FHD","0","FALTAN","3"
"monitores","32","Monitor AOC G2790VX 27"" VA FHD (1920 x 1080) 144Hz 1ms Gaming Ficha USA","0","FALTAN","3"
"monitores","33","Monitor Cooler Master GA241 23.8"" FHD (1920 x 1080) VGA HDMI 100Hz 1ms","0","FALTAN","3"
"monitores","34","Monitor AOC C32G2ZE 31,5"" VA FHD 240Hz 4ms Curved Gaming Ficha USA","0","FALTAN","3"
"monitores","35","MONITOR 27 BENQ GW2791 FHD IPS 100hz","0","FALTAN","3"
"monitores","36","MONITOR 27 GAMER ZOWIE XL2731 LED TN FHD 144hz Black eQualizer","0","FALTAN","3"
"monitores","37","MONITOR 24 GAMER ZOWIE XL2411K LED TN FHD 144hz TecnologÃ­a DyAc Black eQualizer","0","FALTAN","3"
"monitores","38","MONITOR 24,5 GAMER ZOWIE XL2546K LED TN FHD 240hz c/escudo TecnologÃ­a DyAc Black eQualizer","0","FALTAN","3"
"monitores","39","MONITOR 27 GAMER ZOWIE XL2731 LED TN FHD 144hz Black eQualizer","0","FALTAN","3"
"monitores","40","MONITOR 27 BENQ GW2780 LED IPS FHD 5ms Altavoz integrado","0","FALTAN","3"
"monitores","41","MONITOR LED 215 PCBOX PCB-M22 FHD 100Hz VA VGA-HDMI","0","FALTAN","3"
"monitores","42","MONITOR ASUS VA27EHF-J 27-FHD-100Hz-1MS (90LM0550-B011Y0)","0","FALTAN","3"
"monitores","43","MONITOR ASUS VA24EHF-J 238-FHD-100Hz-1MS (90LM0560-B021Y0)","0","FALTAN","3"
"monitores","44","MONITOR HP S3 PRO 322PE 215 IPS FHD VGA-HDMI 169 (AK2F1UTABA)","0","FALTAN","3"
"monitores","45","MONITOR LED 156 ACER PORTABLE 60HZ (PM161Q)","0","FALTAN","3"
"monitores","46","Monitor HP Full HD P27h G5 27"" 64W41AA","0","FALTAN","3"
"monitores","47","MONITOR LED 24 PHILIPS 241V8L77 - FHD VGA-HDMI 169","0","FALTAN","3"
"monitores","48","MONITOR LCD 27 PHILIPS 272V8LA55 FHD VGA-HDMI 169","0","FALTAN","3"
"monitores","49","MONITOR GAMER AOC AG323FCXE - LED 315 165 HZ NEGRO CURVO 1920x1080 1 MS","0","FALTAN","3"
"monitores","50","MONITOR LED 185 PHILIPS 193V5LHSB255 - HD VGA-HDMI 169","0","FALTAN","3"
"monitores","51","Monitor AOC 27G4E 27"" IPS FHD 180Hz 1ms Gaming Ficha USA","0","FALTAN","3"
"monitores","52","MONITOR PHILIPS LED 27 mod 272v8la","0","FALTAN","3"
"monitores","53","ACCESORIOS TRUST RETROILUMINACION PARA MONITOR VYBZ RGB GXT907","0","FALTAN","3"
"monitores","54","MONITOR LG LED 24 BORDERLESS 24MS500","0","FALTAN","3"
"monitores","55","AOC MONITOR LED 24 24G42E","0","FALTAN","3"
"monitores","56","MONITOR LG LED 19,5 HDMI HD 20U401A-B","0","FALTAN","3"
"monitores","57","ACCESORIOS BYH MONITOR PORTATIL PARA NOTEBOOK GLANCE PLUS OLED 15.6","0","FALTAN","3"
"monitores","58","ACCESORIOS BYH MONITOR PORTATIL PARA NOTEBOOK GLANCE PRO OLED 15.6","0","FALTAN","3"
"monitores","59","ACCESORIOS BYH MONITOR PORTATIL PARA NOTEBOOK TRIO MAX TRI-SCREEN 2.0 14.1","0","FALTAN","3"
"monitores","60","MONITOR 22"" LG 22U401A FULL HD HDMI (II) (5092)","0","FALTAN","3"
"monitores","61","MONITOR LG 32 ULTRAFINE 32UR550K 4K (II) (1269)","0","FALTAN","3"
"monitores","62","MONITOR 32"" LG ERGO ULTRAFINE 32UN880K-B 4K USB-C (II) (1038)","0","FALTAN","3"
"monitores","63","MONITOR LG 19 19M38L-B HD HDMI (II) (0619)","0","FALTAN","3"
"monitores","64","MONITOR LG 20 LED 20U401A-B HDMI HD (II) (8442)","0","FALTAN","3"
"monitores","65","MONITOR LG 32 ULTRAGEAR 32GS85Q-B NANO IPS QHD 180 Hz (II) (1779)","0","FALTAN","3"
"monitores","66","MONITOR LG 32 ULTRAGEAR 32GR93U PIVOT PANTALLA 4K 144 Hz (II) (1762)","0","FALTAN","3"
"monitores","67","MONITOR LG 24 ULTRAGEAR 24GS60F BORDERLESS 180 Hz (II) (1823)","0","FALTAN","3"
"monitores","68","MONITOR LG 34 ULTRAGEAR 34GP63A WQHD CURVO 160 HZ (II) (0070)","0","FALTAN","3"
"monitores","69","MONITOR LG 28 DUAL ERGO 28MQ780-B SDQHD 2BPB (II) (9307)","0","FALTAN","3"
"monitores","70","MONITOR LG 34 ULTRAWIDE 34WP500-B BORDERLESS WFHD (II) (3300)","0","FALTAN","3"
"monitores","71","MONITOR LG 26 ULTRAWIDE 26WQ500-B WFHD NARROW BEZEL (II) (7952)","0","FALTAN","3"
"monitores","72","MONITOR LG 32 LED 32MN500M-B FULL HD FREESYNC (II) (3175)","0","FALTAN","3"
"procesadores","1","PROCESADOR AMD (AM4) RYZEN 9 5900X (OUTLET)","0","FALTAN","3"
"procesadores","2","AMD RYZEN 9 7900X3D (OUTLET)","0","FALTAN","3"
"procesadores","3","Procesador AMD Ryzen 5 5600GT 3.60GHz AM4 DDR4","0","FALTAN","3"
"procesadores","4","Procesador AMD Ryzen 5 8600G 4.30GHz AM5 DDR5","0","FALTAN","3"
"procesadores","5","Procesador AMD Ryzen 7 9800X3D AM5, sin cooler","0","FALTAN","3"
"procesadores","6","PROCESADOR AMD (AM5) RYZEN 7 7700 C/COOLER","0","FALTAN","3"
"procesadores","7","Procesador AMD Ryzen 5 5500 3.60GHz AM4 DDR4","0","FALTAN","3"
"procesadores","8","RYZEN ATLON 3000G (OUTLET)","0","FALTAN","3"
"procesadores","9","INTEL | Intel Celeron G5905 (OUTLET)","0","FALTAN","3"
"procesadores","10","INTEL | Intel Celeron G4930 (OUTLET)","0","FALTAN","3"
"procesadores","11","INTEL | Intel Celeron G3930 (OUTLET)","0","FALTAN","3"
"procesadores","12","AMD | AMD A6-9500E (OUTLET)","0","FALTAN","3"
"procesadores","13","ACCESORIOS THERMALTAKE CORE P5 AIO BRACKET BLACK","0","FALTAN","3"
"procesadores","14","PROCESADOR INTEL (1151) PENTIUM DUAL CORE G4400 (SIN COOLER)","0","FALTAN","3"
"procesadores","15","Pc Tecnobrand Gaming AMD Ryzen 5 5600GT 16GB RAM 1TB SSD Gabinete XPG Lander 300 Negro PCTBR5GAMING","0","FALTAN","3"
"procesadores","16","PROCESADOR AMD (AM5) RYZEN 9 9950X3D2","0","FALTAN","3"
"procesadores","17","Procesador AMD Ryzen 9 5900XT 3.3GHz AM4 s/Cooler","0","FALTAN","3"
"procesadores","18","Mini PC MSI CUBI 5 12M- Intel Core i5-1235U BAREBONE (S/RAM - S/SSD) FICHA USA","0","FALTAN","3"
"procesadores","19","Notebook Lenovo E14 Gen7 Ryzen 5 16GB RAM 512 GB 14&quot; Sin Windows","0","FALTAN","3"
"procesadores","20","Adaptador Xtech, Micro Usb macho a Usb-a hembra, 1","0","FALTAN","3"
"procesadores","21","Mini PC ASUS PN53-BB7000X1TDR Ryzen 7 7753HS BAREBONE (S/RAM - S/SSD)","0","FALTAN","3"
"procesadores","22","Mini PC ASUS PN52-BB7000XTC Ryzen 7 5800H BAREBONE (S/RAM - S/SSD)","0","FALTAN","3"
"procesadores","23","Mini PC ASUS PN41-S1-BBN4000XFV Intel Celeron N4505 BAREBONE (S/RAM - S/SSD)","0","FALTAN","3"
"procesadores","24","Kit HPE de disipador tÃ©rmico del procesador P49145-B21 para Proliant DL380 Gen11","0","FALTAN","3"
"procesadores","25","Kit HPE de disipador tÃ©rmico del procesador P48904-B21 para Proliant DL3X0 Gen11","0","FALTAN","3"
"procesadores","26","MINI PC GIGABYTE BRIX CORE I5 10210E","0","FALTAN","3"
"procesadores","27","SOFTWARE MICROSOFT WINDOWS 11 PRO 64B OEM SPANISH LAT 1PK","0","FALTAN","3"
"procesadores","28","Procesador Intel Core Ultra 7 265F 3.9 GHz 36 LGA1","0","FALTAN","3"
"procesadores","29","Procesador Intel Core Ultra 5 245K 4.2 GHz 24 LGA1851","0","FALTAN","3"
"procesadores","30","Procesador Intel Core Ultra 5 245KF 4.2 GHz 24 LGA1851","0","FALTAN","3"
"procesadores","31","PROCESADOR INTEL (LGA1851) CORE ULTRA 5 235 3.4G 24MB","0","FALTAN","3"
"procesadores","32","Procesador Intel Core Ultra 5 225 4.2 GHz 22 LGA1851","0","FALTAN","3"
"procesadores","33","Procesador Intel Core Ultra 5 225F 4.2 GHz 22 LGA1851","0","FALTAN","3"
"procesadores","34","PROCESADOR INTEL (LGA1700) PENTIUM GOLD G7400","0","FALTAN","3"
"procesadores","35","Procesador Core i7-14700 2.1GHz 33MB LGA 1700","0","FALTAN","3"
"procesadores","36","PROCESADOR INTEL (LGA1700) CORE I3 13100F","0","FALTAN","3"
"procesadores","37","Procesador INTEL Core i9-12900 1.80GHz LGA1700 DDR4/DDR5","0","FALTAN","3"
"procesadores","38","Procesador INTEL Core i5-12400F 2.50GHz LGA1700 DDR4/DDR5","0","FALTAN","3"
"procesadores","39","MINI PC ASUS CELERON N4500 BAREBONE (S/RAM - S/SSD)","0","FALTAN","3"
"procesadores","40","Aio Hp ProOne 440 G9 Intel core I7 16gb RAM 512gb SSD 23.6Â¨Windows 11 pro A5BJ7LT#AC8","0","FALTAN","3"
"procesadores","41","Aio Hp ProOne 440 Gen 9 Intel core I5 16gb RAM 512gb SSD 23.8&quot; Windows 11 Pro A5BH8LT#AC8","0","FALTAN","3"
"procesadores","42","NB ASUS 14 CELERON N4020 4GB 128GB W11H","0","FALTAN","3"
"procesadores","43","MICRO AMD (AM5) RYZEN 7 8700G (100-100001236SBX)HEAT SINK FAN INCLUDED","0","FALTAN","3"
"procesadores","44","MICRO AMD (AM5) RYZEN 9 7900 (100-100000590WOF)","0","FALTAN","3"
"procesadores","45","MICRO AMD (AM5) RYZEN 5 9600 (100-100000718BOX)","0","FALTAN","3"
"procesadores","46","MICRO AMD (AM5) RYZEN 9 9950X 16-CORE 43 GHZ (100-100001277WOF) SIN COOLER","0","FALTAN","3"
"procesadores","47","MICRO AMD (AM5) RYZEN 9 9950X3D (100-100000719WOF) SIN COOLER","0","FALTAN","3"
"procesadores","48","MICRO AMD (AM5) RYZEN 9 9900X3D (100-100001368WOF) SIN COOLER","0","FALTAN","3"
"gabinetes","1","GABINETE GAMER RAIDMAX INFINITA i800 BLACK ATX TG ARGB","0","FALTAN","3"
"gabinetes","2","GABINETE THERMALTAKE VIEW 270 PLUS TG ARGB WHITE TEMPERED GLASS","0","FALTAN","3"
"gabinetes","3","EVOLABS SYNERGY","0","FALTAN","3"
"gabinetes","4","Gabinete c/fuente Thermaltake View 270 + BX3 650w 80 Plus Bronze","0","FALTAN","3"
"gabinetes","5","Gabinete c/fuente Thermaltake View 270 + 750w 80 Plus Gold + LA360-S ARGB (Full KIT)","0","FALTAN","3"
"gabinetes","6","Gabinete c/fuente Thermaltake S200 + 750w 80 Plus Gold (White Edition)","0","FALTAN","3"
"gabinetes","7","Gabinete c/fuente View 390 + 1050w 80 Plus Gold (White Edition)","0","FALTAN","3"
"gabinetes","8","Gabinete c/fuente Thermaltake View 170 + Smart 700w 80 Plus White","0","FALTAN","3"
"gabinetes","9","Gabinete c/fuente Thermaltake S200 + BX3 650w 80 Plus Bronze","0","FALTAN","3"
"gabinetes","10","Gabinete c/fuente Thermaltake Divider 170 + BX3 650w 80 Plus Bronze","0","FALTAN","3"
"gabinetes","11","Gabinete c/fuente Thermaltake Versa H16 + TR2 500w","0","FALTAN","3"
"gabinetes","12","Gabinete c/fuente Thermaltake Tower 600 + 1200w 80 Plus Gold + LA360 ARGB (Full KIT)","0","FALTAN","3"
"gabinetes","13","Gabinete c/fuente Thermaltake Tower 600 + 1200w 80 Plus Gold","0","FALTAN","3"
"gabinetes","14","Gabinete c/fuente Thermaltake S200 + BX3 750w 80 Plus Bronze","0","FALTAN","3"
"gabinetes","15","Gabinete c/fuente Thermaltake View 270 + BX3 750w 80 Plus Bronze","0","FALTAN","3"
"gabinetes","16","Gabinete c/fuente View 270 + 750w 80 Plus Gold (White Edition)","0","FALTAN","3"
"gabinetes","17","Gabinete c/fuente Thermaltake View 390 + 1050w 80 Plus Gold","0","FALTAN","3"
"gabinetes","18","Gabinete c/fuente Thermaltake S200 + BX3 750w 80 Plus Bronze (White Edition)","0","FALTAN","3"
"gabinetes","19","Gabinete c/fuente Thermaltake View 170 + Smart 700w 80 Plus White (White Edition)","0","FALTAN","3"
"gabinetes","20","Gabinete c/fuente Thermaltake Versa H16 + TR2 500w (White Edition)","0","FALTAN","3"
"gabinetes","21","GABINETE GAMER RAIDMAX MESHIAN X922 BLACK ATX TG ARGB","0","FALTAN","3"
"gabinetes","22","GABINETE GAMER AUREOX VOLANS ARX360G","0","FALTAN","3"
"gabinetes","23","Gabinete XPG Negro Valor Mesh","0","FALTAN","3"
"gabinetes","24","Gabinete Gamer XPG VALORAIR ATX Mid Tower con Vidrio Templado","0","FALTAN","3"
"gabinetes","25","GABINETE GAMER RAIDMAX VECTOR V216 BLACK ATX TG RGB","0","FALTAN","3"
"gabinetes","26","Gabinete Teros TE-1321G Gaming Mid Tower Tempered Glass x3 Fans ARGB s/ fuente","0","FALTAN","3"
"gabinetes","27","Gabinete Teros TE-1036S Mid Tower Fans 120cm c/Fuente 250W Black","0","FALTAN","3"
"gabinetes","28","Gabinete XPG STARKER AIR BTF Blanco E-ATX con Vidrio Templado y ARGB","0","FALTAN","3"
"gabinetes","29","Gabinete XPG STARKER AIR BTF Negro E-ATX con Vidrio Templado y ARGB","0","FALTAN","3"
"gabinetes","30","GABINETE SFX KIT 783 BLACK","0","FALTAN","3"
"gabinetes","31","GABINETE SFX KIT 782 BLACK","0","FALTAN","3"
"gabinetes","32","GABINETE GAMER AUREOX SCULPTOR ARX380G","0","FALTAN","3"
"gabinetes","33","GABINETE 650W RAIDMAX MESHIAN X922 ARGB TG","0","FALTAN","3"
"gabinetes","34","GABINETE RAIDMAX 650W RETEC X922 ARGB TG","0","FALTAN","3"
"gabinetes","35","GABINETE 550W RAIDMAX VECTOR V216 RGB TG","0","FALTAN","3"
"gabinetes","36","GABINETE RAIDMAX 550W RETEC V216 RGB TG","0","FALTAN","3"
"gabinetes","37","GABINETE COOLER MASTER QUBE 540 STARDUST IRON","0","FALTAN","3"
"gabinetes","38","GABINETE GAMER AUREOX PICTOR ARX370G","0","FALTAN","3"
"gabinetes","39","Gabinete Cooler Master MasterFrame 600 4 Fans Sickleflow Aluminio Modular Silver s/fuente","0","FALTAN","3"
"gabinetes","40","Gabinete Cooler Master MasterFrame 600 4 Fans Mobius Aluminio Modular Black s/fuente","0","FALTAN","3"
"gabinetes","41","Gabinete Cooler Master MasterFrame 500 Mesh 3 Fans ARGB Aluminio Modular Black s/fuente","0","FALTAN","3"
"gabinetes","42","GABINETE COOLER MASTER MASTERFRAME 500 MESH BLACK","0","FALTAN","3"
"gabinetes","43","GABINETE COOLER MASTER 400 MASTER FRAME MESH SILVER","0","FALTAN","3"
"gabinetes","44","GABINETE COOLER MASTER 400 MASTER FRAME MESH BLACK","0","FALTAN","3"
"gabinetes","45","GABINETE COOLER MASTER MASTERBOX 520 MESH WHITE","0","FALTAN","3"
"gabinetes","46","GABINETE ADATA XPG INVADER X MINI BLACK","0","FALTAN","3"
"gabinetes","47","GABINETE GAMER RAIDMAX INFINITA i801 AIR WHITE E-ATX TG ARGB","0","FALTAN","3"
"gabinetes","48","GABINETE GAMER RAIDMAX INFINITA i630 BLACK ATX FISHTANK CURVED GLASS ARGB","0","FALTAN","3"
"gabinetes","49","GABINETE GAMER RAIDMAX INFINITA i620 WHITE ATX FISHTANK ARGB","0","FALTAN","3"
"gabinetes","50","GABINETE GAMER AUREOX HYDRA PLUS ARX 335G","0","FALTAN","3"
"gabinetes","51","Gabinete Cooler Master HAF 700 EVO Gris Full Tower 5 Fans ARGB S/Fuente","0","FALTAN","3"
"gabinetes","52","GABINETE COOLER MASTER HAF 500 WHITE","0","FALTAN","3"
"gabinetes","53","GABINETE GAMER RAIDMAX HURRIKAN H200 E-ATX ARGB PWM WHITE/BLACK","0","FALTAN","3"
"gabinetes","54","GABINETE GAMER GIGABYTE C201P M-ATX WHITE PANORAMIC","0","FALTAN","3"
"gabinetes","55","GABINETE COOLER MASTER ELITE 681 WHITE","0","FALTAN","3"
"gabinetes","56","GABINETE COOLER MASTER 600 ELITE WHITE ARGB x 4 COOLERS","0","FALTAN","3"
"gabinetes","57","GABINETE COOLER MASTER 600 ELITE BLACK ARGB x 4 COOLERS","0","FALTAN","3"
"gabinetes","58","Gabinete Cooler Master Elite 502 White 3 Fans ARGB s/fuente","0","FALTAN","3"
"gabinetes","59","Gabinete Cooler Master Elite 502 Black 3 Fans ARGB s/fuente","0","FALTAN","3"
"gabinetes","60","GABINETE COOLER MASTER 490 ELITE","0","FALTAN","3"
"gabinetes","61","GABINETE COOLER MASTER ELITE 481","0","FALTAN","3"
"gabinetes","62","GABINETE COOLER MASTER ELITE 302 WHITE","0","FALTAN","3"
"gabinetes","63","Gabinete Cooler Master Elite 302 Black 3 fans ARGB s/fuente","0","FALTAN","3"
"gabinetes","64","Gabinete CROMAX 2801 Kit Teclado Mouse Mid Tower C/Fuente 600W Black","0","FALTAN","3"
"gabinetes","65","GABINETE COOLER THERMALTAKE CT120 EX ARGB SYNC MATCHA GREEN","0","FALTAN","3"
"gabinetes","66","GABINETE COOLER THERMALTAKE CT120 EX ARGB SYNC WHITE","0","FALTAN","3"
"gabinetes","67","GABINETE THERMALTAKE VIEW 170 TG ARGB SNOW WHITE TEMPERED GLASS","0","FALTAN","3"
"gabinetes","68","GABINETE THERMALTAKE VIEW 170 TG ARGB BLACK TEMPERED GLASS","0","FALTAN","3"
"gabinetes","69","GABINETE THERMALTAKE THE TOWER 600 BLACK TEMPERED GLASS","0","FALTAN","3"
"gabinetes","70","GABINETE GAMER THERMALTAKE VERSA H16 TG ARGB SNOW WHITE TEMP GLASS","0","FALTAN","3"
"gabinetes","71","GABINETE GAMER THERMALTAKE VERSA H16 TG ARGB BLACK TEMP GLASS","0","FALTAN","3"
"gabinetes","72","GABINETE THERMALTAKE VIEW 270 PLUS TG ARGB MATCHA GREEN TEMPERED GLASS","0","FALTAN","3"
"gabinetes","73","GABINETE THERMALTAKE VIEW 270 PLUS TG ARGB BLACK TEMPERED GLASS","0","FALTAN","3"
"gabinetes","74","GABINETE THERMALTAKE CERES 300 TG ARGB SNOW WHITE TEMPERED GLASS","0","FALTAN","3"
"gabinetes","75","GABINETE THERMALTAKE CERES 300 TG ARGB BLACK TEMPERED GLASS","0","FALTAN","3"
"gabinetes","76","GABINETE THERMALTAKE S200 PLUS TG ARGB SNOW WHITE TEMPERED GLASS","0","FALTAN","3"
"gabinetes","77","GABINETE THERMALTAKE S200 PLUS TG ARGB BLACK TEMPERED GLASS","0","FALTAN","3"
"gabinetes","78","GABINETE THERMALTAKE H570 TG SNOW WHITE TEMPERED GLASS","0","FALTAN","3"
"gabinetes","79","GABINETE GAMER THERMALTAKE DIVIDER 170 TG ARGB BLACK TEMP GLASS","0","FALTAN","3"
"gabinetes","80","GABINETE THERMALTAKE VIEW 390 AIR SNOW WHITE TEMPERED GLASS","0","FALTAN","3"
"gabinetes","81","GABINETE THERMALTAKE VIEW 390 AIR BLACK TEMPERED GLASS","0","FALTAN","3"
"gabinetes","82","GABINETE COOLER MASTER COSMOS ALPHA SILVER","0","FALTAN","3"
"gabinetes","83","GABINETE GAMER AUREOX PROTEUS ARX410G C/VEN","0","FALTAN","3"
"gabinetes","84","GABINETE GAMER AUREOX RHEA ARX400G C/VEN","0","FALTAN","3"
"gabinetes","85","GABINETE GAMER AUREOX LYNX V2 ARX395G","0","FALTAN","3"
"gabinetes","86","GABINETE GAMER AUREOX VANTH ARX 205G","0","FALTAN","3"
"gabinetes","87","GABINETE GAMER AUREOX SKOLL ARX 200G","0","FALTAN","3"
"gabinetes","88","Gabinete NetShelter SX para entornos de hospedaje de equipos","0","FALTAN","3"
"gabinetes","89","GABINETE GAMER FORMULA V LINE CRYSTAL Z1CM PLUS BLACK","0","FALTAN","3"
"gabinetes","90","GABINETE GAMER FORMULA V LINE CRYSTAL Z1CM PLUS WHITE","0","FALTAN","3"
"gabinetes","91","GABINETE GAMER FORMULA V LINE AIR POWER G1 PLUS BLACK","0","FALTAN","3"
"gabinetes","92","GABINETE GAMER FORMULA V LINE CRYSTAL U2M FLOE WHITE","0","FALTAN","3"
"gabinetes","93","GABINETE GAMER FORMULA V LINE CRYSTAL U2 FLOE BLACK","0","FALTAN","3"
"gabinetes","94","GABINETE GAMER FORMULA V CRYSTAL Z9 FLOE BLACK","0","FALTAN","3"
"gabinetes","95","GABINETE GAMER FORMULA V LINE MANA WHITE AR","0","FALTAN","3"
"gabinetes","96","GABINETE FORMULA V CRYSTAL Z1 BLACK AR","0","FALTAN","3"
"gabinetes","97","GABINETE COOLER MASTER MASTER FRAME 600 ATX CASE (MF600-KGNN-S00)","0","FALTAN","3"
"gabinetes","98","GABINETE GAMER COLER MASTER ELITE 301 MINI TOWER CASE BLANCO (E301-WGNN-S00)","0","FALTAN","3"
"gabinetes","99","GABINETE COOLER MASTER HAF 500 ATX MID-TOWER CASE BLANCO (H500-WGNN-S00)","0","FALTAN","3"
"gabinetes","100","GABINETE COOLER MASTER HAF 500 ATX MID-TOWER CASE (H500-KGNN-S00)","0","FALTAN","3"
"gabinetes","101","Gabinete Aerocool Viewport Mini-G-WT-V2","0","FALTAN","3"
"gabinetes","102","Gabinete Aerocool Viewport Mini-G-Bk-V2","0","FALTAN","3"
"gabinetes","103","Gabinete Aerocool Pivot-G-Bk-V3","0","FALTAN","3"
"gabinetes","104","GABINETE GAMER FORMULA V LINE CRYSTAL Z9M FLOE BLACK (MATX 5 FANS ARGB)","0","FALTAN","3"
"gabinetes","105","GABINETE COOLER MASTER TD500 MESH V2 WHITE SIN FUENTE (TD500V2-WGNN-S00)","0","FALTAN","3"
"gabinetes","106","GABINETE COOLER MASTER TD500 MESH V2 SIN FUENTE (TD500V2-KGNN-S00)","0","FALTAN","3"
"gabinetes","107","Gabinete Gmx Kit Gmx-115","0","FALTAN","3"
"gabinetes","108","Gabinete Corsair FRAME 4500X RS-R ARGB Mid-Tower TG White (2787)","0","FALTAN","3"
"almacenamiento","1","DISCO SSD M.2 500GB WD BLACK SN7100 NVME","0","FALTAN","3"
"almacenamiento","2","Pen Drive Lexar M22 32GB UDB 2.0","0","FALTAN","3"
"almacenamiento","3","Disco Interno SSD LEXAR NM790 1TB M.2 NVMe","0","FALTAN","3"
"almacenamiento","4","Pen Drive Lexar M22 16GB USB 2.0","0","FALTAN","3"
"almacenamiento","5","DISCO SSD ADATA LEGEND 860 1TB M2 Gen4 x4 M.2 2280 6.000/5.000 MB/s","0","FALTAN","3"
"almacenamiento","6","Disco Interno SSD BIWIN NV7400 1T M.2 2280 PCIe 4.0 7450MB/s","0","FALTAN","3"
"almacenamiento","7","Disco Interno HDD WESTERN DIGITAL Purple PRO 10TB 3.5"" SATA 3.0 7200rpm","0","FALTAN","3"
"almacenamiento","8","Disco solido interno Hiksemi Future Lite 1024GB PCIE NVME HS-SSD-FUTURE LITE 1024G","0","FALTAN","3"
"almacenamiento","9","Disco Interno SSD ADATA LEGEND 900 1TB M.2 2280","0","FALTAN","3"
"almacenamiento","10","Disco Externo HDD WESTERN DIGITAL MyPassport 4TB USB 3.2 Rojo","0","FALTAN","3"
"almacenamiento","11","Disco Externo HDD WESTERN DIGITAL MyPassport 4TB USB 3.2 Azul","0","FALTAN","3"
"almacenamiento","12","Asustor NAS Tower Nimbustor 2 Gen2 AS5402T 2X3.5/2.5","0","FALTAN","3"
"almacenamiento","13","Asustor NAS Tower Drivestor 2 Pro Gen2 AS3302T v2 2X3.5/2.5","0","FALTAN","3"
"almacenamiento","14","Asustor NAS Mini Desk Flashstor 6 FS6706T 6X NVMe","0","FALTAN","3"
"almacenamiento","15","Disco Interno SSD WD Green 500GB Sata 2.5"" 545Mb/s","0","FALTAN","3"
"almacenamiento","16","DISCO SSD M.2 500GB WD GREEN SN3000 NVME","0","FALTAN","3"
"almacenamiento","17","DISCO SSD M.2 500GB WD GREEN SN350 NVME","0","FALTAN","3"
"almacenamiento","18","Disco solido SSD Western Digital Green 250GB SATA III WDS250G5G0A","0","FALTAN","3"
"almacenamiento","19","Disco Interno SSD WD Green 250GB Sata 2.5"" 545Mb/s","0","FALTAN","3"
"almacenamiento","20","DISCO SSD SATA 2TB WD GREEN","0","FALTAN","3"
"almacenamiento","21","Disco solido SSD SanDisk WD Green SN300 NVMe 2TB PCIe Gen4 M.2","0","FALTAN","3"
"almacenamiento","22","Disco Interno SSD WD Black SN850X 2TB M.2 2280 NVMe PCIe 4.0 7300Mb/s C/Disipador","0","FALTAN","3"
"almacenamiento","23","Disco Interno SSD WD Green 2TB 2.5"" SATA 3.0 545Mb/s","0","FALTAN","3"
"almacenamiento","24","Disco solido SanDisk WD Green 1TB 2.5"" SATA III WDS100T5G0A","0","FALTAN","3"
"almacenamiento","25","DISCO SSD M.2 1TB WD GREEN SN3000 NVME","0","FALTAN","3"
"almacenamiento","26","Disco Interno SSD WD Green SN3000 1TB M.2 2280 NVMe PCIe 4.0 5000MB/s","0","FALTAN","3"
"almacenamiento","27","Disco Interno SSD WD Blue SN5000 1TB M.2 2280 NVME PCIe 4.0 5150MB/s","0","FALTAN","3"
"almacenamiento","28","DISCO SSD SATA 1TB WD BLUE SA510","0","FALTAN","3"
"almacenamiento","29","Disco Interno SSD WD Black SN850X 1TB M.2 2280 NVMe PCIe 4.0 7300MB/S C/DISIP","0","FALTAN","3"
"almacenamiento","30","Disco Interno SSD WD Black SN850X 1TB M.2 2280 NVMe PCIe 4.0 7300MB/S S/DISIP","0","FALTAN","3"
"almacenamiento","31","DISCO SSD M.2 1TB WD GREEN SN350 NVME","0","FALTAN","3"
"almacenamiento","32","Disco Interno SSD WD Green SN350 1TB M.2 2280 NVMe PCIe 3.0 2400MB/S","0","FALTAN","3"
"almacenamiento","33","Disco Externo HDD WESTERN DIGITAL Elements 1TB USB 3.0 Tipo A Negro","0","FALTAN","3"
"almacenamiento","34","Disco Externo HDD WESTERN DIGITAL Elements 2TB USB 3.0 Tipo A Negro","0","FALTAN","3"
"almacenamiento","35","Disco Interno HDD WESTERN DIGITAL Red 8TB 3.5"" SATA 3.0 5400rpm","0","FALTAN","3"
"almacenamiento","36","Disco Interno HDD WESTERN DIGITAL Purple PRO 8TB 3.5"" SATA 3.0 7200rpm","0","FALTAN","3"
"almacenamiento","37","Disco duro Western Digital Purple Pro 24TB SATA 3.5"" WD240PURP","0","FALTAN","3"
"almacenamiento","38","Disco duro interno Western Digital 2TB 3.5 BLUE 3.5"" SATA","0","FALTAN","3"
"almacenamiento","39","Disco Duro Interno Western Digital SATA 3.5"" Red Pro NAS 20 TB","0","FALTAN","3"
"almacenamiento","40","Disco duro interno Western Digital 14T 3.5"" RED PRO NAS","0","FALTAN","3"
"almacenamiento","41","Disco duro interno Western Digital HD 12TB Purple Pro WD122PURP","0","FALTAN","3"
"almacenamiento","42","Disco duro Western Digital NAS Red Pro 12TB 3.5"" SATA 7200RPM CMR 512MB WD122KFBX","0","FALTAN","3"
"almacenamiento","43","Disco Interno HDD WESTERN DIGITAL Red Plus 12TB 3.5"" SATA 3.0 7200rpm","0","FALTAN","3"
"almacenamiento","44","Disco Interno HDD WESTERN DIGITAL Red Plus10TB 3.5"" SATA 3.0 7200rpm","0","FALTAN","3"
"almacenamiento","45","Disco Interno SSD TEAM GROUP MP44L 500GB M.2 NVMe PCIe 4.0 5000MB/s","0","FALTAN","3"
"almacenamiento","46","Disco Interno SSD TEAM GROUP CX1 480GB SATA 3.0 530MB/s","0","FALTAN","3"
"almacenamiento","47","Disco Interno SSD TEAM GROUP CX1 240GB SATA 3.0","0","FALTAN","3"
"almacenamiento","48","Disco solido externo Kingston - SSD 1TB XS1000","0","FALTAN","3"
"almacenamiento","49","Disco Duro Externo Seagate 5TB Expansion USB","0","FALTAN","3"
"almacenamiento","50","Disco duro portatil 4TB 3.0 USB Portable","0","FALTAN","3"
"almacenamiento","51","Disco duro portatil 2TB 3.0 USB Portable","0","FALTAN","3"
"almacenamiento","52","Disco duro portatil 1TB 3.0 USB Portable","0","FALTAN","3"
"almacenamiento","53","Disco duro int 8TB SATA 6 Gb/s 256MB SkyHawk","0","FALTAN","3"
"almacenamiento","54","Disco duro HDD Seagate Barracuda 8TB SATA 3.5"" ST8000DM004","0","FALTAN","3"
"almacenamiento","55","Disco duro interno Seagate SKYHAWK AI 24TB 3.5"" SATA III","0","FALTAN","3"
"almacenamiento","56","Disco Interno Seagate 12TB 3.5 NAS IRONWOLF","0","FALTAN","3"
"almacenamiento","57","Disco duro Seagate SkyHawk AI 12TB ST12000VE003 SATA 6Gb/s","0","FALTAN","3"
"almacenamiento","58","Disco duro interno Seagate 12TB 3.5"" NAS IRONWOLF PRO","0","FALTAN","3"
"almacenamiento","59","Disco duro int 1TB SATA 6 Gb/s 256MB Skyhawk","0","FALTAN","3"
"almacenamiento","60","Disco duro int 10TB SATA 6 Gb/s 256MB Skyhawk","0","FALTAN","3"
"almacenamiento","61","Disco Rigido HDD Seagate 10TB SATA 3.5"" 7200rpm ST10000NM017B","0","FALTAN","3"
"almacenamiento","62","Disco Interno SSD ADATA SPECTRIX S65G RGB 1TB M.2 2280 NVMe PCIe 4.0 6000MB/s","0","FALTAN","3"
"almacenamiento","63","DISCO SSD SATA 1TB SANDISK PLUS G28","0","FALTAN","3"
"almacenamiento","64","Disco SSD Externo Dual 512GB USB A-C 3.2 Gen 2","0","FALTAN","3"
"almacenamiento","65","Disco SSD Externo Dual 1TB USB A-C 3.2 Gen 2","0","FALTAN","3"
"almacenamiento","66","Disco Solido Interno Kingston 500GB NV3 PCIE NVME M.2 2230","0","FALTAN","3"
"almacenamiento","67","Disco Solido Interno Kingston 2TB NV3 PCIE NVME M.2 2230","0","FALTAN","3"
"almacenamiento","68","Disco Solido Interno Kingston 1TB NV3 PCIE NVME M.2 2230","0","FALTAN","3"
"almacenamiento","69","Disco SSD 500GB NV3 M.2 2280 PCIe NVMe 5000MB/s","0","FALTAN","3"
"almacenamiento","70","Disco solido Kingston 4TB NV3 PCIe NVME","0","FALTAN","3"
"almacenamiento","71","Disco SSD 2T NV3 M.2 2280 PCIe NVMe 5000MB/s","0","FALTAN","3"
"almacenamiento","72","Disco SSD 1T NV3 M.2 2280 PCIe NVMe 5000MB/s","0","FALTAN","3"
"almacenamiento","73","Disco sÃ³lido Adata - SSD Legend 900 512GB M.2 NVME","0","FALTAN","3"
"almacenamiento","74","Disco solido interno Adata Legend 860 500GB PCIe Gen4 x4 M.2 2280","0","FALTAN","3"
"almacenamiento","75","Disco solido interno Adata 2000GB LEG860 PCIE NVME","0","FALTAN","3"
"almacenamiento","76","Disco Interno SSD KINGSTON KC600 512GB 2.5"" SATA 3.0 550MB/s","0","FALTAN","3"
"almacenamiento","77","Disco Solido Interno Kingston 256GB KC600 2.5 SATA3","0","FALTAN","3"
"almacenamiento","78","Disco Interno SSD KINGSTON KC600 2TB 2.5"" SATA 3.0 550MB/s","0","FALTAN","3"
"almacenamiento","79","Disco Solido Interno Kingston 512GB KC3000 M.2 2280","0","FALTAN","3"
"almacenamiento","80","Disco Interno SSD KINGSTON KC3000 1TB M.2 NVMe PCIe 4.0 7000MB/s","0","FALTAN","3"
"almacenamiento","81","Disco Interno SSD KINGSTON KC3000 2TB M.2 NVMe PCIe 4.0 7000MB/s","0","FALTAN","3"
"almacenamiento","82","Disco SSD 1T Renegade M.2 2280 PCIe 4.0 NVMe","0","FALTAN","3"
"almacenamiento","83","Disco SSD 2T Renegade M.2 2280 PCIe 4.0 NVMe","0","FALTAN","3"
"almacenamiento","84","Disco Interno SSD KINGSTON Fury Renegade 1TB M.2 G5 Nvme","0","FALTAN","3"
"almacenamiento","85","Disco solido Kingston 7680GB DC600ME 2.5"" SATA","0","FALTAN","3"
"almacenamiento","86","Disco solido Kingston 1920GB DC600ME 2.5"" SATA","0","FALTAN","3"
"almacenamiento","87","Disco SSD DC600M 960 GB 2.5"" sata 3 NAND 3D TLC","0","FALTAN","3"
"almacenamiento","88","Disco SSD DC600M 480 GB 2.5"" sata 3 NAND 3D TLC","0","FALTAN","3"
"almacenamiento","89","Disco SSD DC600M 1920 GB 2.5"" sata 3 NAND 3D TLC","0","FALTAN","3"
"almacenamiento","90","Disco Interno SSD Sandisk Plus 2TB M.2 2280 NVMe PCIe 3.0 3200Mb/s","0","FALTAN","3"
"almacenamiento","91","Disco solido SanDisk SSD Plus 2TB 2.5"" SATA III","0","FALTAN","3"
"almacenamiento","92","Disco Interno SSD Sandisk Plus 1TB SATA III 2.5Â´ 545MB/s","0","FALTAN","3"
"almacenamiento","93","MICRO SDXC 512GB SANDISK EXPRESS PCIe Gen3 NVMe","0","FALTAN","3"
"almacenamiento","94","Tarjeta de Memoria SANDISK Ultra MicroSDXC 256GB UHS-I U1 V10 c/adap","0","FALTAN","3"
"almacenamiento","95","Tarjeta de Memoria KINGSTON Canvas Go Plus SDXC 128GB Gen4 C10 UHS-I U3 V30 200MB/s","0","FALTAN","3"
"almacenamiento","96","PEN DRIVE 256GB SANDISK ULTRA LUXE USB 3.2","0","FALTAN","3"
"almacenamiento","97","Pen Drive SANDISK Cruzer Blade 32GB USB 2.0 Tipo A Rosa","0","FALTAN","3"
"almacenamiento","98","Pen Drive SANDISK Cruzer Blade 32GB USB 2.0 Tipo A Azul","0","FALTAN","3"
"almacenamiento","99","Pen Drive SANDISK Cruzer Blade 64GB USB 2.0 Tipo A Negro","0","FALTAN","3"
"almacenamiento","100","Pen Drive SANDISK Ultra Shift 256GB USB 3.2 Gen 1 Tipo A Black","0","FALTAN","3"
"almacenamiento","101","Pen Drive SANDISK Ultra Shift 32GB USB-A 3.2 Gen 1 Bachelor Button","0","FALTAN","3"
"almacenamiento","102","Tarjeta de Memoria KINGSTON Canvas Select Plus MicroSDXC 64GB Gen3 A1 100MB/s c/adaptador","0","FALTAN","3"
"almacenamiento","103","Tarjeta de Memoria KINGSTON Canvas Select Plus MicroSDXC 128GB Gen3 A1 150MB/s c/adaptador","0","FALTAN","3"
"almacenamiento","104","Tarjeta de Memoria KINGSTON Canvas Go Plus Gen4 MicroSDXC 64GB UHS-I U3 V30 200MB/s c/adaptador","0","FALTAN","3"
"almacenamiento","105","Tarjeta de memoria microSD Kingston Canvas Go Plus","0","FALTAN","3"
"almacenamiento","106","Tarjeta de Memoria KINGSTON Canvas Go Plus Gen4 MicroSDXC 128GB UHS-I U3 V30 200MB/s c/adaptador","0","FALTAN","3"
"almacenamiento","107","Tarjeta de Memoria KINGSTON High Endurance MicroSDXC 64GB UHS-I U1 V10 A1 95MB/s","0","FALTAN","3"
"almacenamiento","108","Disco Interno SSD KINGSTON A400 960GB 2.5"" SATA 3.0 500MB/s","0","FALTAN","3"
"almacenamiento","109","Disco Interno SSD KINGSTON A400 480GB 2.5"" SATA 3.0 500MB/s","0","FALTAN","3"
"almacenamiento","110","Disco Interno SSD KINGSTON A400 240GB 2.5"" SATA 3.0 500MB/s","0","FALTAN","3"
"almacenamiento","111","PEN DRIVE PATRIOT RAGE LITE 64GB USB 3.2 PE000847","0","FALTAN","3"
"almacenamiento","112","PEN DRIVE PATRIOT RAGE LITE 256GB USB 3.2 PE000849","0","FALTAN","3"
"almacenamiento","113","PEN DRIVE PATRIOT RAGE LITE 128GB USB 3.2 PE000848","0","FALTAN","3"
"almacenamiento","114","DISCO SSD PATRIOT BURST ELITE SOLID 960 GB SATA3 PE000778","0","FALTAN","3"
"almacenamiento","115","DISCO SSD PATRIOT BURST ELITE SOLID 480 GB SATA3 PE000777","0","FALTAN","3"
"almacenamiento","116","DISCO SSD PATRIOT P320 SOLID 512GB M.2 PE000997","0","FALTAN","3"
"almacenamiento","117","DISCO SSD PATRIOT P300 256 GB M.2 2280 PCIE GEN3 X4 PE000689","0","FALTAN","3"
"almacenamiento","118","DISCO SSD PATRIOT P300 1TB M.2 2280 PCIE GEN3 X4 PE000693","0","FALTAN","3"
"almacenamiento","119","DISCO SSD PATRIOT P220 256GB 2.5 SATA3 PS001662","0","FALTAN","3"
"almacenamiento","120","DISCO SSD PATRIOT P210 SOLID 512GB SATA3 PE000718","0","FALTAN","3"
"almacenamiento","121","PEN DRIVE NETAC U185 WHITE 256GB USB 3.0","0","FALTAN","3"
"almacenamiento","122","DISCO SSD NETAC SA500 2.5 SATA3 960 GB","0","FALTAN","3"
"almacenamiento","123","DISCO SSD NETAC SA500 2.5 SATA3 480 GB","0","FALTAN","3"
"almacenamiento","124","DISCO SSD NETAC SA500 2.5 SATA3 240 GB","0","FALTAN","3"
"almacenamiento","125","DISCO SSD NETAC N535N M.2 2280 SATAIII 3D NAND SSD 1TB","0","FALTAN","3"
"almacenamiento","126","Disco Rigido HDD Toshiba S300 Pro Surveillance 10TB 3.5"" SATA 7,200 rpm MD10ADA10TV","0","FALTAN","3"
"almacenamiento","127","Disco Interno SSD LEXAR NQ780 1T M.2 NVMe 6500MB/s","0","FALTAN","3"
"almacenamiento","128","Disco Interno SSD LEXAR NQ100 512GB 2.5â€ SATA III","0","FALTAN","3"
"almacenamiento","129","Disco Interno SSD LEXAR NQ100 256GB 2.5â€ SATA III","0","FALTAN","3"
"almacenamiento","130","Disco Interno SSD LEXAR NM610 PRO 500GB M.2 NVMe","0","FALTAN","3"
"almacenamiento","131","Disco Interno SSD LEXAR NM610 PRO 1T M.2 NVMe","0","FALTAN","3"
"almacenamiento","132","Tarjeta microSDXC Lexar 633x 64GB UHS-I C10 sin adaptador","0","FALTAN","3"
"almacenamiento","133","Tarjeta microSDXC Lexar 633x 32GB UHS-I C10","0","FALTAN","3"
"almacenamiento","134","Pen Drive Lexar JumpDrive V40 64GB USB 2.0 Negro","0","FALTAN","3"
"almacenamiento","135","Pen Drive Lexar JumpDrive V40 32GB USB 2.0 Negro","0","FALTAN","3"
"almacenamiento","136","Pen Drive Lexar JumpDrive V40 16GB USB 2.0 Negro","0","FALTAN","3"
"almacenamiento","137","Disco duro externo LaCie 4TB USB 3.0 portatil 5400 RPM LAC9000633","0","FALTAN","3"
"almacenamiento","138","Pen Drive KINGSTON Exodia M 128GB USB 3.2 NeÃ³n Verde","0","FALTAN","3"
"almacenamiento","139","Pen Drive 3.2 DTX 64GB Exodia Rojo","0","FALTAN","3"
"almacenamiento","140","Pen Drive 3.2 DTX 64GB Exodia Blanco","0","FALTAN","3"
"almacenamiento","141","Disco solido interno Hiksemi Wave 960GB 3D NAND SATA III","0","FALTAN","3"
"almacenamiento","142","Disco solido interno Hiksemi Wave 512GB PCIE NVME","0","FALTAN","3"
"mothers","1","Motherboard Gigabyte H370M DS3H LGA 1151 (OUTLET)","0","FALTAN","3"
"mothers","2","MOTHER ASROCK (AM4) B550M PHANTOM GAMING 4","0","FALTAN","3"
"mothers","3","Motherboard MSI PRO H610M-A LGA 1700 DDR4","0","FALTAN","3"
"mothers","4","Motherboard MSI A520M-A PRO AM4 DDR4","0","FALTAN","3"
"mothers","5","Motherboard ASUS PRIME B550M-K ARGB AM4 DDR4","0","FALTAN","3"
"mothers","6","Motherboard GIGABYTE H610M K DDR4 LGA1700 DDR4","0","FALTAN","3"
"mothers","7","MOTHER GIGABYTE (LGA1700) B760M G P WIFI DDR4","0","FALTAN","3"
"mothers","8","Motherboard GIGABYTE B550M DS3H AC R2 AM4 DDR4","0","FALTAN","3"
"mothers","9","Motherboard GIGABYTE B760M GAMING WIFI6E GEN5 LGA1700 DDR5","0","FALTAN","3"
"mothers","10","Motherboard GIGABYTE H810M K LGA1851 DDR5","0","FALTAN","3"
"mothers","11","Motherboard GIGABYTE B760M E LGA1700 DDR5","0","FALTAN","3"
"mothers","12","Motherboard MSI PRO B860M-E LGA 1851 DDR5","0","FALTAN","3"
"mothers","13","Motherboard MSI PRO A620AM-B EVO AM5 DDR5","0","FALTAN","3"
"mothers","14","Motherboard MSI B550M-A PRO (AM4)","0","FALTAN","3"
"mothers","15","Motherboard MSI PRO H810M-B WIFI6E LGA 1851 DDR5","0","FALTAN","3"
"mothers","16","Motherboard MSI PRO H610M-B LGA 1700 DDR5","0","FALTAN","3"
"mothers","17","Motherboard MSI PRO H810M-B LGA 1851 DDR5","0","FALTAN","3"
"mothers","18","Motherboard MSI PRO Z890-S WIFI LGA1851 DDR5","0","FALTAN","3"
"mothers","19","Motherboard MSI PRO Z890-S WIFI WHITE LGA1851 DDR5","0","FALTAN","3"
"mothers","20","Motherboard MSI PRO B840M-B AM5 DDR5","0","FALTAN","3"
"mothers","21","Motherboard MSI B860 GAMING PLUS WIFI LGA 1851 DDR5","0","FALTAN","3"
"mothers","22","Motherboard MSI B850M GAMING PRO WIFI6E AM5 DDR5","0","FALTAN","3"
"mothers","23","Motherboard MSI B860M GAMING PLUS WIFI LGA1851 DDR5","0","FALTAN","3"
"mothers","24","Motherboard GIGABYTE Z890 UD LGA1851 DDR5","0","FALTAN","3"
"mothers","25","MOTHER ASROCK (LGA1851) Z890 PRO RS WIFI WHITE","0","FALTAN","3"
"mothers","26","MOTHER ASROCK (LGA1851) Z890 PRO-A","0","FALTAN","3"
"mothers","27","MOTHER ASROCK (LGA1851) Z890 PRO-A WIFI","0","FALTAN","3"
"mothers","28","MOTHER ASROCK (LGA1851) Z890M RIPTIDE WIFI","0","FALTAN","3"
"mothers","29","MOTHER GIGABYTE (LGA1851) Z890M GAMING X","0","FALTAN","3"
"mothers","30","MOTHER GIGABYTE (LGA1851) Z890 EAGLE","0","FALTAN","3"
"mothers","31","MOTHER ASROCK (AM5) X870 STEEL LEGEND WIFI","0","FALTAN","3"
"mothers","32","MOTHER GIGABYTE (AM5) X870 GAMING X WIFI7","0","FALTAN","3"
"mothers","33","Motherboard GIGABYTE X870 EAGLE WIFI7 AM5 DDR5","0","FALTAN","3"
"mothers","34","Motherboard ASUS TUF GAMING B860-PLUS WIFI LGA1851 DDR5","0","FALTAN","3"
"mothers","35","Motherboard ASUS TUF GAMING B850M-PLUS WIFI7 AM5 DDR5","0","FALTAN","3"
"mothers","36","MOTHER ASUS (AM5) TUF GAMING B650EM-PLUS WIFI","0","FALTAN","3"
"mothers","37","MOTHER ASUS (AM4) TUF GAMING B550M-PLUS WI-FI II","0","FALTAN","3"
"mothers","38","Motherboard ASUS TUF GAMING A620AM-PLUS WIFI AM5 DDR5","0","FALTAN","3"
"mothers","39","Motherboard ASUS ROG STRIX B850-F GAMING WIFI AM5 DDR5","0","FALTAN","3"
"mothers","40","Motherboard ASUS ROG STRIX B850-E GAMING WIFI AM5 DDR5","0","FALTAN","3"
"mothers","41","MOTHER ASUS (AM5) ROG STRIX B850-A GAMING WIFI","0","FALTAN","3"
"mothers","42","MOTHER ASUS (AM5) ROG STRIX B650E-F GAMING WIFI","0","FALTAN","3"
"mothers","43","Motherboard ASUS ROG CROSSHAIR X670E HERO AM5 DDR5","0","FALTAN","3"
"mothers","44","Motherboard MSI PRO X870-P WIFI AM5 DD5","0","FALTAN","3"
"mothers","45","Motherboard MSI PRO B760M-P LGA1700 DDR5","0","FALTAN","3"
"mothers","46","Motherboard ASUS PRIME X870-P WIFI AM5 DDR5","0","FALTAN","3"
"mothers","47","Motherboard ASUS PRIME H810M-E LGA 1851 DDR5","0","FALTAN","3"
"mothers","48","Motherboard ASUS PRIME H610M-F D4 R2.0 LGA 1700 DDR4","0","FALTAN","3"
"memorias","1","Memoria RAM Kingston 8GB 5600Mhz DDR5 Fury Beast Black","0","FALTAN","3"
"memorias","2","MEMORIA NETAC SHADOW II DDR5 6000 16GB C38 BLACK","0","FALTAN","3"
"memorias","3","Memoria Ram UDIMM KINGSTON Fury Beast 16GB DDR4 3200 Mhz CL16 1.35V Single Negro","0","FALTAN","3"
"memorias","4","Memoria Ram Kingston 8GB DDR4 3200Mhz SODIMM","0","FALTAN","3"
"memorias","5","MEMORIA PATRIOT DDR5 VIPER ELITE 5 ULTRA RGB DDR5 16GB 6000Mhz CL36 BLACK HS PE001173","0","FALTAN","3"
"memorias","6","MEMORIA PATRIOT DDR5 VIPER ELITE 5 ULTRA DDR5 32GB CL36 6000MTS BLACK HS PE001179","0","FALTAN","3"
"memorias","7","Memoria Ram UDIMM TEAM GROUP ELITE 8GB DDR4 3200MHz CL22 1.2v","0","FALTAN","3"
"memorias","8","Memoria Ram UDIMM TEAM GROUP ELITE 16GB DDR4 3200Mz CL22 1.2v","0","FALTAN","3"
"memorias","9","MEMORIA PATRIOT VIPER XTREME 5 DDR5 32GB 7000MT/S CL32 BLK HS DUAL KIT PE001039","0","FALTAN","3"
"memorias","10","MEMORIA PATRIOT DDR4 VIPER ELITE 2 8GB 3200 MHZ CL18 RED/BLK PE000830","0","FALTAN","3"
"memorias","11","MEMORIA PATRIOT DDR4 VIPER ELITE 2 16GB 3200 MHZ CL18 RED/BLK PE000829","0","FALTAN","3"
"memorias","12","MEMORIA PATRIOT SIGNATURE LINE DDR4 16 GB 3200 MHZ PS001558","0","FALTAN","3"
"memorias","13","MEMORIA PATRIOT SIGNATURE LINE SODIMM DDR4 16 GB 3200 MHZ PS001570","0","FALTAN","3"
"memorias","14","MEMORIA NETAC SHADOW II DDR5 4800 16GB C40 WHITE","0","FALTAN","3"
"memorias","15","MEMORIA NETAC SHADOW DDR4 3200 8GB C16 WHITE","0","FALTAN","3"
"memorias","16","MEMORIA NETAC SHADOW DDR4 3200 8GB C16 RED","0","FALTAN","3"
"memorias","17","MEMORIA NETAC SHADOW DDR4 3200 8GB C16 BLUE","0","FALTAN","3"
"memorias","18","MEMORIA NETAC BASIC DDR4 DIMM 8GB 3200 C16","0","FALTAN","3"
"memorias","19","Memoria LEXAR UDIMM DDR5 16GB 5600MHz","0","FALTAN","3"
"memorias","20","Memoria LEXAR SODIMM DDR5 16GB 5600MHz","0","FALTAN","3"
"memorias","21","Memoria LEXAR UDIMM DDR4 8GB 3200MHz","0","FALTAN","3"
"memorias","22","Memoria LEXAR UDIMM DDR4 32GB 3200MHz","0","FALTAN","3"
"memorias","23","Memoria LEXAR UDIMM DDR4 16GB 3200MHz","0","FALTAN","3"
"memorias","24","Memoria LEXAR UDIMM DDR4 8GB 3200MHz","0","FALTAN","3"
"memorias","25","Memoria LEXAR SODIMM DDR4 32GB 3200MHz","0","FALTAN","3"
"memorias","26","Memoria LEXAR SODIMM DDR4 16GB 3200MHz","0","FALTAN","3"
"memorias","27","Memoria LEXAR SODIMM DDR4 8GB 3200MHz","0","FALTAN","3"
"memorias","28","Memoria PC DDR5 16GB 5600Mhz CL46 1.1V 16Gbit","0","FALTAN","3"
"memorias","29","Memoria PC DDR5 8GB 5600Mhz CL46 1.1V 16Gbit","0","FALTAN","3"
"memorias","30","Memoria RAM Kingston 32GB 5600Mhz DDR5 NO ECC MODULE","0","FALTAN","3"
"memorias","31","Memoria RAM Kingston 16GB 5600Mhz DDR5 SODIMM","0","FALTAN","3"
"memorias","32","Memoria RAM Kingston 8GB 5600Mhz DDR5 SODIMM","0","FALTAN","3"
"memorias","33","Memoria RAM Kingston 32GB 5600Mhz DDR5 SODIMM","0","FALTAN","3"
"memorias","34","Memoria Ram Kinsgton 8GB 3200Mhz DDR4 NO-ECC SODIMM","0","FALTAN","3"
"memorias","35","Memoria Ram Kingston 16GB 3200Mhz DDR4 NO ECC SODIMM","0","FALTAN","3"
"memorias","36","Memoria Ram Kingston 32GB 3200Mhz DDR4 NO-ECC SODIMM","0","FALTAN","3"
"memorias","37","Memoria Ram SODIMM KINGSTON KVR 16GB DDR4 3200MHz CL22 1.20V Single Negro","0","FALTAN","3"
"memorias","38","Memoria Ram Kingston 16GB 3200Mhz DDR4 NON-ECC CL22","0","FALTAN","3"
"memorias","39","Memoria Ram Kingston 8GB 3200 DDR4 NON-ECC DIMM","0","FALTAN","3"
"memorias","40","Memoria Ram Kingston 16GB 3200Mhz DDR4 NON-ECC DIMM","0","FALTAN","3"
"memorias","41","Memoria Ram UDIMM KINGSTON KVR 16GB DDR4 3200MHz","0","FALTAN","3"
"memorias","42","Memoria RAM Kingston DDR5 7200Mhz Fury Renegade UDIMM","0","FALTAN","3"
"memorias","43","Memoria RAM Kingston 16GB DDR5 6800Mhz Fury Beast White para PC","0","FALTAN","3"
"memorias","44","Memoria RAM Kingston 16GB DDR5 6800Mhz Fury Beast RGB para PC","0","FALTAN","3"
"memorias","45","Memoria RAM Kingston 16GB DDR5 6800Mhz Fury Beast para PC","0","FALTAN","3"
"memorias","46","Memoria RAM Kingston 16GB DDR5 6400Mhz Fury Beast RGB para PC","0","FALTAN","3"
"memorias","47","Memoria RAM Kingston 16GB 6400Mhz DDR5 Fury Beast Black para PC","0","FALTAN","3"
"memorias","48","Memoria Ram UDIMM KINGSTON Fury Beast 16GB DDR5 6000MHz Negro RGB CL36 1.35V","0","FALTAN","3"
"memorias","49","Memoria Ram UDIMM KINGSTON Fury Beast 16GB DDR5 6000MHz CL36 1.35V Single Negro","0","FALTAN","3"
"memorias","50","Memoria RAM Kingston 32GB DDR5 5600Mhz Fury Impact SODIMM","0","FALTAN","3"
"memorias","51","Memoria SODIMM Fury DDR5 16GB 5600MHz Impact Negra","0","FALTAN","3"
"memorias","52","Memoria RAM Kingston 8GB 5600Mhz DDR5 Fury Beast RGB","0","FALTAN","3"
"memorias","53","Memoria RAM Kingston 8GB 5600Mhz DDR5 Fury Beast Black","0","FALTAN","3"
"memorias","54","Memoria RAM Kingston 16GB DDR5 5600Mhz Fury Beast Black","0","FALTAN","3"
"memorias","55","Memoria PC Fury DDR5 32GB 5200 Beast Negra","0","FALTAN","3"
"memorias","56","Memoria PC Fury DDR4 16GB 3600 Beast Negra 16Gbit","0","FALTAN","3"
"memorias","57","Memoria Ram Kingston 8GB 3600Mhz DDR4 FURY BLACK","0","FALTAN","3"
"memorias","58","Memoria RAM Kingston 8GB DDR4 3600Mhz Fury Beast RGB","0","FALTAN","3"
"memorias","59","Memoria SODIMM Fury DDR4 8GB 3200MHz Impact Negra","0","FALTAN","3"
"memorias","60","Memoria RAM Kingston 32GB 3200Mhz DDR4 SODIMM Fury Impact","0","FALTAN","3"
"memorias","61","Memoria SODIMM Fury DDR4 16GB 3200MHz Impact Negra","0","FALTAN","3"
"memorias","62","Memoria RAM Kingston 8GB DDR4 3200Mhz Fury Renegade Black","0","FALTAN","3"
"memorias","63","Memoria RAM Kingston 32GB DDR4 3200Mhz Fury Renegade Black","0","FALTAN","3"
"memorias","64","Memoria Ram UDIMM KINGSTON Fury Beast 8GB DDR4 3200MHz CL16 1.35V Single Negro","0","FALTAN","3"
"memorias","65","Memoria Ram UDIMM KINGSTON Fury Beast 8GB DDR4 3200 Mhz CL16 1.35V Single Negro","0","FALTAN","3"
"memorias","66","Memoria Ram UDIMM KINGSTON Fury Beast 32GB DDR4 3200MHz CL16 1.35V Single Negro","0","FALTAN","3"
"memorias","67","Memoria PC Fury DDR4 8GB 3200 Mhz Beast RGB CL16","0","FALTAN","3"
"memorias","68","Memoria PC Fury DDR4 32GB 3200MHz Beast RGB Negra","0","FALTAN","3"
"memorias","69","Memoria RAM Kingston 16GB DDR4 3200Mhz Fury Beast RGB","0","FALTAN","3"
"memorias","70","Memoria Ram Kingston 16GB 3200Mhz DDR4 Fury Beast Black","0","FALTAN","3"
"memorias","71","16G KI 3200 DDR4 FURY BEAS RGB","0","FALTAN","3"
"memorias","72","Memoria Ram UDIMM KINGSTON Fury Beast 16GB DDR4 3200 Mhz CL16 1.35V Single Negro RGB","0","FALTAN","3"
"memorias","73","Memoria Ram Kingston 16GB 3200Mhz DDR4 FURY BLACK8","0","FALTAN","3"
"memorias","74","Memoria PC Prop. DDR5 16GB 5600Mhz CL46 1.1V 16Gbi","0","FALTAN","3"
"memorias","75","Memoria PC Prop. DDR5 8GB 5600Mhz CL46 1.1V 16Gbit","0","FALTAN","3"
"memorias","76","Memoria SODIMM Prop. DDR5 16GB 5600Mhz CL46 1.1V","0","FALTAN","3"
"memorias","77","Memoria Ram Kingston 32GB 3200Mhz DDR4 SODIMM","0","FALTAN","3"
"memorias","78","Memoria RAM Kingston 8GB 3200Mhz DDR4 NON-ECC","0","FALTAN","3"
"memorias","79","Memoria Ram Kingston 16gb 3200Mhz DDR4 Module","0","FALTAN","3"
"memorias","80","Memoria Ram Kingston 8GB 3200Mhz DDR4 MODULE","0","FALTAN","3"
"memorias","81","Memoria Ram Kingston 32GB 3200Mhz DDR4 NO ECC Module","0","FALTAN","3"
"memorias","82","Memoria RAM Hiksemi Armor 2x16GB 3200Mhz DDR4","0","FALTAN","3"
"memorias","83","Memoria RAM Hiksemi Hiker 16GB DDR4 3200Mhz UDIMM","0","FALTAN","3"
"memorias","84","Memoria RAM Hiksemi Armor 2x8GB 3200Mhz DDR4","0","FALTAN","3"
"memorias","85","Memoria RAM Hiksemi Hiker 16GB DDR4 3200Mhz SODIMM","0","FALTAN","3"
"memorias","86","Memoria RAM Hiksemi Hiker 8GB DDR4 3200Mhz UDIMM","0","FALTAN","3"
"memorias","87","Memoria RAM Hiksemi Armor 8GB DDR4 3200 MHz","0","FALTAN","3"
"memorias","88","Memoria RAM Hiksemi Hiker 8GB DDR4 3200Mhz SODIMM","0","FALTAN","3"
"memorias","89","Memoria Ram UDIMM T-FORCE 16GB DDR5 5200Mhz CL40","0","FALTAN","3"
"memorias","90","MEMORIA GSKILL TRIDENT Z ROYAL DDR4 16 GB 3600 RGB GOLD 2X8 1.35","0","FALTAN","3"
"memorias","91","Memoria Crucial SODIMM 48GB DDR5-5600 CL46 (16Gbit","0","FALTAN","3"
"memorias","92","Memoria Ram SODIMM CORSAIR VENGEANCE 8GB DDR5 4800MHz CL40 1.1V Single Negro","0","FALTAN","3"
"memorias","93","Memoria Ram UDIMM CORSAIR VENGEANCE 16GB DDR5 5200Mhz CL40 1.25V (2 x 8GB) AMD EXPO - GREY","0","FALTAN","3"
"memorias","94","Memoria Ram UDIMM CORSAIR VENGEANCE 16GB DDR5 5200Mhz CL40 1.25V (2 x 8GB) Intel XMP - GREY","0","FALTAN","3"
"memorias","95","Memoria Ram UDIMM CORSAIR VENGEANCE 8GB DDR5 5200Mhz CL40 1.25V (1 x 8GB) Intel XMP","0","FALTAN","3"
"memorias","96","Memoria Ram UDIMM ADATA XPG 16GB DDR5 6000 WHITE RGB CL48 1.1V","0","FALTAN","3"
"memorias","97","Memoria RAM XPG 32GB 6000Mhz DDR5 Lancer RGB","0","FALTAN","3"
"memorias","98","Memoria RAM XPG 8GB 5600Mhz DDR5 Lancer Negro AX5U5600C468G-SLABBK","0","FALTAN","3"
"memorias","99","MEMORIA XPG 16GB 16A DDR4 3200 D35","0","FALTAN","3"
"memorias","100","MEMORIA XPG 16GB 18I DDR4 3200 RGB","0","FALTAN","3"
"memorias","101","Memoria Ram UDIMM ADATA 8GB DDR5 5600MHz CL46 1.1V","0","FALTAN","3"
"memorias","102","MEMORIA ADATA DDR4 16GB 3200 G22 SGN","0","FALTAN","3"
"memorias","103","MEMORIA ADATA SODIMM DDR4 32GB 3200 G22 SGN","0","FALTAN","3"
"memorias","104","MEMORIA ADATA SODIMM DDR4 16GB 3200 G22 SGN","0","FALTAN","3"
"memorias","105","MEMORIA SODIMM ADATA DDR5 8GB 5600MHZ BLISTER (AD5S56008G-S)","0","FALTAN","3"
"memorias","106","MEMORIA SODIMM ADATA DDR5 16GB 5600MHZ BLISTER (AD5S560016G-S)","0","FALTAN","3"
"memorias","107","MEMORIA SODIMM ADATA 32GB DDR4 3200MHZ (AD4S320032G22- SGN)","0","FALTAN","3"
"memorias","108","MEMORIA SODIMM ADATA DDR4 16GB 3200MHZ (AD4S320016G22-SGN)","0","FALTAN","3"
"memorias","109","MEMORIA SODIMM MUSHKIN REDLINE DDR4 16GB 3200MHZ (MRA4S320NNNF16G)","0","FALTAN","3"
"memorias","110","Memoria Udimm Mushkin Redline Ddr4 16Gb 3200Mhz Blister (Mre4U320Nnnf16G)","0","FALTAN","3"
"memorias","111","MEMORIA UDIMM ADATA DDR4 32GB 3200MHZ BLISTER (AD4U320032G22-SGN)","0","FALTAN","3"
"memorias","112","MEMORIA UDIMM ADATA DDR4 16GB 3200MHZ BLISTER (AD4U320016G22-SGN)","0","FALTAN","3"
"gpus","1","MSI GeForce RTX 3070 Ventus 3X 8G OUTLET","0","FALTAN","3"
"gpus","2","MSI RTX 3070 Ventus 2X OUTLET","0","FALTAN","3"
"gpus","3","GIGABYTE GeForce RTX 3070 Ti EAGLE OC OUTLET","0","FALTAN","3"
"gpus","4","ASRock Radeon RX 6900 XT Phantom Gaming OUTLET","0","FALTAN","3"
"gpus","5","ASUS TUF Gaming GeForce RTX 3080 OUTLET","0","FALTAN","3"
